id,start_lng,start_lat,end_lng,end_lat,segment_type,wheelchair_passable,notes
12391,112.51429574666707,26.881498566666785,112.51426943333293,26.881611566666777,道路,否,