id,start_lng,start_lat,end_lng,end_lat,segment_type,wheelchair_passable,notes
109,112.5166715555555,26.875196851851836,112.51645299999994,26.875201,道路,是,